id,title,original_title,year,rating,rating_count,director,screenwriter,actors,genre,region,language,duration,release_date,aka,imdb,synopsis,poster_url,ranking,tags,url
1292052,肖申克的救赎, The Shawshank Redemption,1994,9.7,3285317,弗兰克·德拉邦特 Frank Darabont   主演: 蒂姆·罗宾斯 Tim Robbins,,,犯罪 剧情,美国,,,,,,希望让人自由。,https://img3.doubanio.com/view/photo/s_ratio_poster/public/p480747492.jpg,1,,https://movie.douban.com/subject/1292052/
1291546,霸王别姬,,1993,9.6,2423905,陈凯歌 Kaige Chen   主演: 张国荣 Leslie Cheung,,,剧情 爱情 同性,中国大陆 中国香港,,,,,,风华绝代。,https://img1.doubanio.com/view/photo/s_ratio_poster/public/p2911205318.jpg,2,,https://movie.douban.com/subject/1291546/
1292722,泰坦尼克号, Titanic,1997,9.5,2499188,詹姆斯·卡梅隆 James Cameron   主演: 莱昂纳多·迪卡普里奥 Leonardo... 1997,,,剧情 爱情 灾难,美国,,,,,,失去的才是永恒的。,https://img9.doubanio.com/view/photo/s_ratio_poster/public/p457760035.jpg,3,,https://movie.douban.com/subject/1292722/
1292720,阿甘正传, Forrest Gump,1994,9.5,2430930,罗伯特·泽米吉斯 Robert Zemeckis   主演: 汤姆·汉克斯 Tom Hanks,,,剧情 爱情,美国,,,,,,一部美国近现代史。,https://img3.doubanio.com/view/photo/s_ratio_poster/public/p2500944103.jpg,4,,https://movie.douban.com/subject/1292720/
1291561,千与千寻, 千と千尋の神隠し,2001,9.4,2537594,宫崎骏 Hayao Miyazaki   主演: 柊瑠美 Rumi Hîragi,,,剧情 动画 奇幻,日本,,,,,,最好的宫崎骏，最好的久石让。,https://img1.doubanio.com/view/photo/s_ratio_poster/public/p2557573348.jpg,5,,https://movie.douban.com/subject/1291561/
1292063,美丽人生, La vita è bella,1997,9.5,1482710,罗伯托·贝尼尼 Roberto Benigni   主演: 罗伯托·贝尼尼 Roberto Beni... 1997,,,剧情 喜剧 爱情 战争,意大利,,,,,,最美的谎言。,https://img3.doubanio.com/view/photo/s_ratio_poster/public/p2578474613.jpg,6,,https://movie.douban.com/subject/1292063/
1889243,星际穿越, Interstellar,2014,9.4,2184542,克里斯托弗·诺兰 Christopher Nolan   主演: 马修·麦康纳 Matthew Mc... 2014,,,剧情 科幻 冒险,美国 英国 加拿大,,,,,,爱是一种力量，让我们超越时空感知它的存在。,https://img3.doubanio.com/view/photo/s_ratio_poster/public/p2614988097.jpg,7,,https://movie.douban.com/subject/1889243/
1295644,这个杀手不太冷, Léon,1994,9.4,2552894,吕克·贝松 Luc Besson   主演: 让·雷诺 Jean Reno,,,剧情 动作 犯罪,法国 美国,,,,,,怪蜀黍和小萝莉不得不说的故事。,https://img9.doubanio.com/view/photo/s_ratio_poster/public/p2913554676.jpg,8,,https://movie.douban.com/subject/1295644/
3541415,盗梦空间, Inception,2010,9.4,2326110,克里斯托弗·诺兰 Christopher Nolan   主演: 莱昂纳多·迪卡普里奥 Le... 2010,,,剧情 科幻 悬疑 冒险,美国 英国,,,,,,诺兰给了我们一场无法盗取的梦。,https://img9.doubanio.com/view/photo/s_ratio_poster/public/p513344864.jpg,9,,https://movie.douban.com/subject/3541415/
1292064,楚门的世界, The Truman Show,1998,9.4,2019920,彼得·威尔 Peter Weir   主演: 金·凯瑞 Jim Carrey,,,剧情 科幻,美国,,,,,,如果再也不能见到你，祝你早安，午安，晚安。,https://img3.doubanio.com/view/photo/s_ratio_poster/public/p479682972.jpg,10,,https://movie.douban.com/subject/1292064/
1295124,辛德勒的名单, Schindler's List,1993,9.5,1247506,史蒂文·斯皮尔伯格 Steven Spielberg   主演: 连姆·尼森 Liam Neeson... 1993,,,剧情 历史 战争,美国,,,,,,拯救一个人，就是拯救整个世界。,https://img3.doubanio.com/view/photo/s_ratio_poster/public/p492406163.jpg,11,,https://movie.douban.com/subject/1295124/
3011091,忠犬八公的故事, Hachi: A Dog's Tale,2009,9.4,1543613,莱塞·霍尔斯道姆 Lasse Hallström   主演: 理查·基尔 Richard Ger... 2009,,,剧情,美国 英国,,,,,,永远都不能忘记你所爱的人。,https://img1.doubanio.com/view/photo/s_ratio_poster/public/p2587099240.jpg,12,,https://movie.douban.com/subject/3011091/
1292001,海上钢琴师, La leggenda del pianista sull'oceano,1998,9.3,1880039,朱塞佩·托纳多雷 Giuseppe Tornatore   主演: 蒂姆·罗斯 Tim Roth,,,剧情 音乐,意大利,,,,,,每个人都要走一条自己坚定了的路，就算是粉身碎骨。,https://img9.doubanio.com/view/photo/s_ratio_poster/public/p2914698334.jpg,13,,https://movie.douban.com/subject/1292001/
25662329,疯狂动物城, Zootopia,2016,9.3,2320898,拜伦·霍华德 Byron Howard,,,喜剧 动画 冒险,美国,,,,,,迪士尼给我们营造的乌托邦就是这样，永远善良勇敢，永远出乎意料。,https://img9.doubanio.com/view/photo/s_ratio_poster/public/p2924128964.jpg,14,,https://movie.douban.com/subject/25662329/
3793023,三傻大闹宝莱坞, 3 Idiots,2009,9.2,2079080,拉库马·希拉尼 Rajkumar Hirani   主演: 阿米尔·汗 Aamir Khan,,,剧情 喜剧 爱情 歌舞,印度,,,,,,英俊版憨豆，高情商版谢耳朵。,https://img2.doubanio.com/view/photo/s_ratio_poster/public/p579729551.jpg,15,,https://movie.douban.com/subject/3793023/
2131459,机器人总动员, WALL·E,2008,9.3,1493990,安德鲁·斯坦顿 Andrew Stanton   主演: 本·贝尔特 Ben Burtt,,,科幻 动画 冒险,美国,,,,,,小瓦力，大人生。,https://img2.doubanio.com/view/photo/s_ratio_poster/public/p1461851991.jpg,16,,https://movie.douban.com/subject/2131459/
1291549,放牛班的春天, Les choristes,2004,9.3,1474326,克里斯托夫·巴拉蒂 Christophe Barratier   主演: 让-巴蒂斯特·莫尼... 2004,,,剧情 音乐,法国 瑞士 德国,,,,,,天籁一般的童声，是最接近上帝的存在。,https://img1.doubanio.com/view/photo/s_ratio_poster/public/p2884280708.jpg,17,,https://movie.douban.com/subject/1291549/
1307914,无间道, 無間道,2002,9.3,1565813,刘伟强,,,剧情 犯罪 惊悚,中国香港,,,,,,香港电影史上永不过时的杰作。,https://img3.doubanio.com/view/photo/s_ratio_poster/public/p2597979873.jpg,18,,https://movie.douban.com/subject/1307914/
1296141,控方证人, Witness for the Prosecution,1957,9.6,743925,比利·怀尔德 Billy Wilder   主演: 泰隆·鲍华 Tyrone Power,,,剧情 犯罪 悬疑 惊悚,美国,,,,,,比利·怀德满分作品。,https://img3.doubanio.com/view/photo/s_ratio_poster/public/p2927451337.jpg,19,,https://movie.douban.com/subject/1296141/
20495023,寻梦环游记, Coco,2017,9.1,1990229,李·昂克里奇 Lee Unkrich,,,喜剧 动画 奇幻 音乐,美国,,,,,,死亡不是真的逝去，遗忘才是永恒的消亡。,https://img3.doubanio.com/view/photo/s_ratio_poster/public/p2461812747.jpg,20,,https://movie.douban.com/subject/20495023/
1292213,大话西游之大圣娶亲, 西遊記大結局之仙履奇緣,1995,9.2,1710158,刘镇伟 Jeffrey Lau   主演: 周星驰 Stephen Chow,,,喜剧 爱情 奇幻 古装,中国香港 中国大陆,,,,,,一生所爱。,https://img9.doubanio.com/view/photo/s_ratio_poster/public/p2455050536.jpg,21,,https://movie.douban.com/subject/1292213/
5912992,熔炉, 도가니,2011,9.3,1036557,黄东赫 Dong-hyuk Hwang   主演: 孔侑 Yoo Gong,,,剧情,韩国,,,,,,我们一路奋战不是为了改变世界，而是为了不让世界改变我们。,https://img9.doubanio.com/view/photo/s_ratio_poster/public/p1363250216.jpg,22,,https://movie.douban.com/subject/5912992/
6786002,触不可及, Intouchables,2011,9.3,1296569,奥利维·那卡什 Olivier Nakache,,,剧情 喜剧,法国,,,,,,满满温情的高雅喜剧。,https://img9.doubanio.com/view/photo/s_ratio_poster/public/p1454261925.jpg,23,,https://movie.douban.com/subject/6786002/
1291841,教父, The Godfather,1972,9.3,1107949,弗朗西斯·福特·科波拉 Francis Ford Coppola   主演: 马龙·白兰度 M... 1972,,,剧情 犯罪,美国,,,,,,千万不要记恨你的对手，这样会让你失去理智。,https://img9.doubanio.com/view/photo/s_ratio_poster/public/p616779645.jpg,24,,https://movie.douban.com/subject/1291841/
1293172,末代皇帝, The Last Emperor,1987,9.3,1029615,贝纳尔多·贝托鲁奇 Bernardo Bertolucci   主演: 尊龙 John Lone,,,剧情 传记 历史,英国 意大利 中国大陆 法国,,,,,,“不要跟我比惨，我比你更惨”再适合这部电影不过了。,https://img3.doubanio.com/view/photo/s_ratio_poster/public/p452089833.jpg,25,,https://movie.douban.com/subject/1293172/
1295038,哈利·波特与魔法石, Harry Potter and the Sorcerer's Stone,2001,9.2,1423916,Chris Columbus   主演: Daniel Radcliffe,,,奇幻 冒险,美国 英国,,,,,,童话世界的开端。,https://img1.doubanio.com/view/photo/s_ratio_poster/public/p2913781448.jpg,26,,https://movie.douban.com/subject/1295038/
1849031,当幸福来敲门, The Pursuit of Happyness,2006,9.1,1688866,加布里尔·穆奇诺 Gabriele Muccino   主演: 威尔·史密斯 Will Smith ... 2006,,,剧情 传记 家庭,美国,,,,,,平民励志片。,https://img1.doubanio.com/view/photo/s_ratio_poster/public/p1312700628.jpg,27,,https://movie.douban.com/subject/1849031/
1291560,龙猫, となりのトトロ,1988,9.2,1412083,宫崎骏 Hayao Miyazaki   主演: 日高法子 Noriko Hidaka,,,动画 奇幻 冒险,日本,,,,,,人人心中都有个龙猫，童年就永远不会消失。,https://img9.doubanio.com/view/photo/s_ratio_poster/public/p2540924496.jpg,28,,https://movie.douban.com/subject/1291560/
1292365,活着,,1994,9.3,971005,张艺谋 Yimou Zhang   主演: 葛优 You Ge,,,剧情 历史 家庭,中国大陆 中国香港,,,,,,张艺谋最好的电影。,https://img3.doubanio.com/view/photo/s_ratio_poster/public/p2597919477.jpg,29,,https://movie.douban.com/subject/1292365/
3319755,怦然心动, Flipped,2010,9.1,2052402,罗伯·莱纳 Rob Reiner   主演: 玛德琳·卡罗尔 Madeline Carroll,,,剧情 喜剧 爱情,美国,,,,,,真正的幸福是来自内心深处。,https://img1.doubanio.com/view/photo/s_ratio_poster/public/p501177648.jpg,30,,https://movie.douban.com/subject/3319755/
1851857,蝙蝠侠：黑暗骑士, The Dark Knight,2008,9.2,1193604,克里斯托弗·诺兰 Christopher Nolan   主演: 克里斯蒂安·贝尔 Christ... 2008,,,剧情 动作 科幻 犯罪 惊悚,美国 英国,,,,,,无尽的黑暗。,https://img3.doubanio.com/view/photo/s_ratio_poster/public/p462657443.jpg,31,,https://movie.douban.com/subject/1851857/
1291552,指环王3：王者无敌, The Lord of the Rings: The Return of the King,2003,9.3,911308,彼得·杰克逊 Peter Jackson   主演: 伊利亚·伍德 Elijah Wood,,,剧情 动作 奇幻 冒险,美国 新西兰,,,,,,史诗的终章。,https://img3.doubanio.com/view/photo/s_ratio_poster/public/p2642829472.jpg,32,,https://movie.douban.com/subject/1291552/
26752088,我不是药神,,2018,9.0,2351897,文牧野 Muye Wen   主演: 徐峥 Zheng Xu,,,剧情 喜剧,中国大陆,,,,,,对我们国家而言，这样的电影多一部是一部。,https://img1.doubanio.com/view/photo/s_ratio_poster/public/p2527119568.jpg,33,,https://movie.douban.com/subject/26752088/
1300267,乱世佳人, Gone with the Wind,1939,9.3,796316,维克多·弗莱明 Victor Fleming,,,剧情 历史 爱情 战争,美国,,,,,,Tomorrow is another day.,https://img1.doubanio.com/view/photo/s_ratio_poster/public/p1963126880.jpg,34,,https://movie.douban.com/subject/1300267/
2129039,飞屋环游记, Up,2009,9.1,1502012,彼特·道格特 Pete Docter,,,剧情 喜剧 动画 冒险,美国,,,,,,最后那些最无聊的事情，才是最值得怀念的。,https://img9.doubanio.com/view/photo/s_ratio_poster/public/p485887754.jpg,35,,https://movie.douban.com/subject/2129039/
3742360,让子弹飞,,2010,9.0,1921723,姜文 Wen Jiang   主演: 姜文 Wen Jiang,,,剧情 喜剧 动作 西部,中国大陆 中国香港,,,,,,你给我翻译翻译，神马叫做TMD的惊喜。,https://img3.doubanio.com/view/photo/s_ratio_poster/public/p1512562287.jpg,36,,https://movie.douban.com/subject/3742360/
1308807,哈尔的移动城堡, ハウルの動く城,2004,9.1,1292591,宫崎骏 Hayao Miyazaki   主演: 倍赏千惠子 Chieko Baishô,,,爱情 动画 奇幻 冒险,日本,,,,,,带着心爱的人在天空飞翔。,https://img9.doubanio.com/view/photo/s_ratio_poster/public/p2907583906.jpg,37,,https://movie.douban.com/subject/1308807/
1293182,十二怒汉, 12 Angry Men,1957,9.4,579692,西德尼·吕美特 Sidney Lumet   主演: 亨利·方达 Henry Fonda,,,剧情,美国,,,,,,1957年的理想主义。,https://img3.doubanio.com/view/photo/s_ratio_poster/public/p2173577632.jpg,38,,https://movie.douban.com/subject/1293182/
25958717,海蒂和爷爷, Heidi,2015,9.3,783012,阿兰·葛斯彭纳 Alain Gsponer   主演: 阿努克·斯特芬 Anuk Steffen,,,剧情 冒险 家庭,德国 瑞士,,,,,,如果生活中有什么使你感到快乐，那就去做吧！不要管别人说什么。,https://img9.doubanio.com/view/photo/s_ratio_poster/public/p2554525534.jpg,39,,https://movie.douban.com/subject/25958717/
21937452,素媛, 소원,2013,9.3,776927,李濬益 Jun-ik Lee   主演: 薛景求 Kyung-gu Sol,,,剧情,韩国,,,,,,受过伤害的人总是笑得最开心，因为他们不愿意让身边的人承受一样的痛苦。,https://img9.doubanio.com/view/photo/s_ratio_poster/public/p2118532944.jpg,40,,https://movie.douban.com/subject/21937452/
1305487,猫鼠游戏, Catch Me If You Can,2002,9.1,1212523,史蒂文·斯皮尔伯格 Steven Spielberg   主演: 莱昂纳多·迪卡普里奥 L... 2002,,,传记 犯罪 剧情,美国 加拿大,,,,,,骗子大师和执著警探的你追我跑故事。,https://img2.doubanio.com/view/photo/s_ratio_poster/public/p453924541.jpg,41,,https://movie.douban.com/subject/1305487/
1291583,天空之城, 天空の城ラピュタ,1986,9.2,1010085,宫崎骏 Hayao Miyazaki   主演: 田中真弓 Mayumi Tanaka,,,动画 奇幻 冒险,日本,,,,,,对天空的追逐，永不停止。,https://img2.doubanio.com/view/photo/s_ratio_poster/public/p2892409201.jpg,42,,https://movie.douban.com/subject/1291583/
1291858,鬼子来了,,2000,9.3,716007,姜文 Wen Jiang   主演: 姜文 Wen Jiang,,,剧情 喜剧,中国大陆,,,,,,对敌人的仁慈，就是对自己残忍。,https://img1.doubanio.com/view/photo/s_ratio_poster/public/p2930874010.jpg,43,,https://movie.douban.com/subject/1291858/
26387939,摔跤吧！爸爸, Dangal,2016,9.0,1746880,涅提·蒂瓦里 Nitesh Tiwari   主演: 阿米尔·汗 Aamir Khan,,,剧情 传记 运动 家庭,印度,,,,,,你不是在为你一个人战斗，你要让千千万万的女性看到女生并不是只能相夫教子。,https://img1.doubanio.com/view/photo/s_ratio_poster/public/p2401676338.jpg,44,,https://movie.douban.com/subject/26387939/
1929463,少年派的奇幻漂流, Life of Pi,2012,9.1,1490872,李安 Ang Lee   主演: 苏拉·沙玛 Suraj Sharma,,,剧情 奇幻 冒险,美国 中国台湾 英国 加拿大,,,,,,瑰丽壮观、无人能及的冒险之旅。,https://img2.doubanio.com/view/photo/s_ratio_poster/public/p1784592701.jpg,45,,https://movie.douban.com/subject/1929463/
1296736,钢琴家, The Pianist,2002,9.3,751108,罗曼·波兰斯基 Roman Polanski   主演: 艾德里安·布洛迪 Adrien Brod... 2002,,,剧情 传记 战争 音乐,英国 法国 波兰 德国 美国,,,,,,,https://img2.doubanio.com/view/photo/s_ratio_poster/public/p1381339291.jpg,46,,https://movie.douban.com/subject/1296736/
1291572,指环王2：双塔奇兵, The Lord of the Rings: The Two Towers,2002,9.2,858279,彼得·杰克逊 Peter Jackson   主演: 伊利亚·伍德 Elijah Wood,,,剧情 动作 奇幻 冒险,美国 新西兰,,,,,,承前启后的史诗篇章。,https://img9.doubanio.com/view/photo/s_ratio_poster/public/p2640236255.jpg,47,,https://movie.douban.com/subject/1291572/
1291548,死亡诗社, Dead Poets Society,1989,9.2,884867,彼得·威尔 Peter Weir   主演: 罗宾·威廉姆斯 Robin Williams,,,剧情,美国,,,,,,当一个死水般的体制内出现一个活跃的变数时，所有的腐臭都站在了光明的对面。,https://img1.doubanio.com/view/photo/s_ratio_poster/public/p2575465690.jpg,48,,https://movie.douban.com/subject/1291548/
1299398,大话西游之月光宝盒, 西遊記第壹佰零壹回之月光寶盒,1995,9.0,1366964,刘镇伟 Jeffrey Lau   主演: 周星驰 Stephen Chow,,,喜剧 爱情 奇幻 古装,中国香港 中国大陆,,,,,,,https://img3.doubanio.com/view/photo/s_ratio_poster/public/p2561721372.jpg,49,,https://movie.douban.com/subject/1299398/
27060077,绿皮书, Green Book,2018,8.9,1894904,彼得·法雷里 Peter Farrelly   主演: 维果·莫腾森 Viggo Mortensen,,,剧情 喜剧 传记 音乐,美国 中国大陆,,,,,,去除成见，需要勇气。,https://img2.doubanio.com/view/photo/s_ratio_poster/public/p2531065411.jpg,50,,https://movie.douban.com/subject/27060077/
30170448,何以为家, كفرناحوم,2018,9.1,1163496,娜丁·拉巴基 Nadine Labaki   主演: 扎因·拉费阿 Zain al-Rafeea,,,剧情,黎巴嫩 美国 法国 塞浦路斯 卡塔尔 英国,,,,,,凝视卑弱生命，用电影改变命运。,https://img3.doubanio.com/view/photo/s_ratio_poster/public/p2875749222.jpg,51,,https://movie.douban.com/subject/30170448/
1298624,闻香识女人, Scent of a Woman,1992,9.1,1024521,马丁·布莱斯 Martin Brest   主演: 阿尔·帕西诺 Al Pacino,,,剧情,美国,,,,,,,https://img1.doubanio.com/view/photo/s_ratio_poster/public/p2550757929.jpg,52,,https://movie.douban.com/subject/1298624/
1418019,大闹天宫,,1961(中国大陆),9.4,510578,万籁鸣 Laiming Wan   主演: 邱岳峰 Yuefeng Qiu,,,1978(中国大陆),1964(中国大陆),,,,,,,https://img3.doubanio.com/view/photo/s_ratio_poster/public/p2184505167.jpg,53,,https://movie.douban.com/subject/1418019/
1291843,黑客帝国, The Matrix,1999,9.1,951731,安迪·沃卓斯基 Andy Wachowski,,,动作 科幻,美国,,,,,,,https://img1.doubanio.com/view/photo/s_ratio_poster/public/p451926968.jpg,54,,https://movie.douban.com/subject/1291843/
1291571,指环王1：护戒使者, The Lord of the Rings: The Fellowship of the Ring,2001,9.1,961435,彼得·杰克逊 Peter Jackson   主演: 伊利亚·伍德 Elijah Wood,,,剧情 动作 奇幻 冒险,新西兰 美国 英国,,,,,,,https://img9.doubanio.com/view/photo/s_ratio_poster/public/p2197698335.jpg,55,,https://movie.douban.com/subject/1291571/
1293839,罗马假日, Roman Holiday,1953,9.1,1049527,威廉·惠勒 William Wyler   主演: 奥黛丽·赫本 Audrey Hepburn,,,喜剧 剧情 爱情,美国,,,,,,,https://img9.doubanio.com/view/photo/s_ratio_poster/public/p2189265085.jpg,56,,https://movie.douban.com/subject/1293839/
1299131,教父2, The Godfather: Part II,1974,9.3,641076,弗朗西斯·福特·科波拉 Francis Ford Coppola   主演: 阿尔·帕西诺 A... 1974,,,剧情 犯罪,美国,,,,,,,https://img3.doubanio.com/view/photo/s_ratio_poster/public/p2194138787.jpg,57,,https://movie.douban.com/subject/1299131/
1301753,狮子王, The Lion King,1994,9.1,962192,Roger Allers,,,动画 冒险 歌舞,美国,,,,,,,https://img3.doubanio.com/view/photo/s_ratio_poster/public/p726659067.jpg,58,,https://movie.douban.com/subject/1301753/
1291828,天堂电影院, Nuovo Cinema Paradiso,1988,9.2,742259,朱塞佩·托纳多雷 Giuseppe Tornatore   主演: 菲利普·努瓦雷 Philipp... 1988,,,剧情 爱情,意大利 法国,,,,,,,https://img1.doubanio.com/view/photo/s_ratio_poster/public/p2653054340.jpg,59,,https://movie.douban.com/subject/1291828/
1291818,饮食男女, 飲食男女,1994,9.2,726645,李安 Ang Lee   主演: 郎雄 Sihung Lung,,,剧情 家庭,中国台湾 美国,,,,,,,https://img2.doubanio.com/view/photo/s_ratio_poster/public/p1910899751.jpg,60,,https://movie.douban.com/subject/1291818/
21937445,辩护人, 변호인,2013,9.2,658803,杨宇硕 Woo-seok Yang   主演: 宋康昊 Kang-ho Song,,,剧情,韩国,,,,,,电影的现实意义大过电影本身。,https://img9.doubanio.com/view/photo/s_ratio_poster/public/p2158166535.jpg,61,,https://movie.douban.com/subject/21937445/
1485260,本杰明·巴顿奇事, The Curious Case of Benjamin Button,2008,9.0,1106613,大卫·芬奇 David Fincher   主演: 布拉德·皮特 Brad Pitt,,,剧情 爱情 奇幻,美国,,,,,,在时间之河里感受溺水之苦。,https://img3.doubanio.com/view/photo/s_ratio_poster/public/p2192535722.jpg,62,,https://movie.douban.com/subject/1485260/
1292000,搏击俱乐部, Fight Club,1999,9.0,977367,大卫·芬奇 David Fincher   主演: 爱德华·诺顿 Edward Norton,,,剧情 动作 悬疑 惊悚,美国,,,,,,,https://img3.doubanio.com/view/photo/s_ratio_poster/public/p1910931622.jpg,63,,https://movie.douban.com/subject/1292000/
1306029,美丽心灵, A Beautiful Mind,2001,9.1,854513,朗·霍华德 Ron Howard   主演: 罗素·克劳 Russell Crowe,,,传记 剧情,美国,,,,,,,https://img1.doubanio.com/view/photo/s_ratio_poster/public/p1665997400.jpg,64,,https://movie.douban.com/subject/1306029/
3008247,穿条纹睡衣的男孩, The Boy in the Striped Pajamas,2008,9.2,642796,马克·赫尔曼 Mark Herman   主演: 阿萨·巴特菲尔德 Asa Butterfield ... 2008,,,剧情 战争,英国 美国,,,,,,尽管有些不切实际的幻想，这部电影依旧是一部感人肺腑的佳作。,https://img3.doubanio.com/view/photo/s_ratio_poster/public/p1473670352.jpg,65,,https://movie.douban.com/subject/3008247/
3011235,哈利·波特与死亡圣器(下), Harry Potter and the Deathly Hallows: Part 2,2011,9.0,972455,大卫·叶茨 David Yates   主演: 丹尼尔·雷德克里夫 Daniel Radcliffe... 2011,,,奇幻 冒险,美国 英国,,,,,,10年的完美句点。,https://img1.doubanio.com/view/photo/s_ratio_poster/public/p2913457020.jpg,66,,https://movie.douban.com/subject/3011235/
1292220,情书, Love Letter,1995,8.9,1328048,岩井俊二 Shunji Iwai   主演: 中山美穗 Miho Nakayama,,,剧情 爱情,日本,,,,,,,https://img1.doubanio.com/view/photo/s_ratio_poster/public/p2648230660.jpg,67,,https://movie.douban.com/subject/1292220/
1293350,两杆大烟枪," Lock, Stock and Two Smoking Barrels",1998,9.1,679116,盖·里奇 Guy Ritchie   主演: 杰森·弗莱明 Jason Flemyng,,,剧情 喜剧 犯罪,英国,,,,,,,https://img1.doubanio.com/view/photo/s_ratio_poster/public/p792443418.jpg,68,,https://movie.douban.com/subject/1293350/
1900841,窃听风暴, Das Leben der Anderen,2006,9.2,633001,弗洛里安·亨克尔·冯·多纳斯马尔克 Florian Henckel von Donnersmarck  &n... 2006,,,剧情 悬疑,德国,,,,,,别样人生。,https://img1.doubanio.com/view/photo/s_ratio_poster/public/p1808872109.jpg,69,,https://movie.douban.com/subject/1900841/
1291543,功夫,,2004,8.9,1338970,周星驰 Stephen Chow   主演: 周星驰 Stephen Chow,,,动作 喜剧 犯罪 奇幻,中国大陆 中国香港,,,,,,警恶惩奸，维护世界和平这个任务就交给你了，好吗？,https://img1.doubanio.com/view/photo/s_ratio_poster/public/p2219011938.jpg,70,,https://movie.douban.com/subject/1291543/
1294408,音乐之声, The Sound of Music,1965,9.1,685388,罗伯特·怀斯 Robert Wise   主演: 朱莉·安德鲁斯 Julie Andrews,,,剧情 传记 爱情 歌舞,美国,,,,,,,https://img3.doubanio.com/view/photo/s_ratio_poster/public/p453788577.jpg,71,,https://movie.douban.com/subject/1294408/
1291544,哈利·波特与阿兹卡班的囚徒, Harry Potter and the Prisoner of Azkaban,2004,9.0,893006,阿方索·卡隆 Alfonso Cuarón   主演: 丹尼尔·雷德克里夫 Daniel Rad... 2004,,,奇幻 冒险,英国 美国,,,,,,不一样的导演，不一样的哈利·波特。,https://img1.doubanio.com/view/photo/s_ratio_poster/public/p2913456870.jpg,72,,https://movie.douban.com/subject/1291544/
1652587,阿凡达, Avatar,2009,8.8,1588428,詹姆斯·卡梅隆 James Cameron   主演: 萨姆·沃辛顿 Sam Worthington ... 2009,,,动作 科幻 冒险,美国,,,,,,绝对意义上的美轮美奂。,https://img1.doubanio.com/view/photo/s_ratio_poster/public/p2180085848.jpg,73,,https://movie.douban.com/subject/1652587/
1292402,西西里的美丽传说, Malèna,2000,8.9,1094979,朱塞佩·托纳多雷 Giuseppe Tornatore   主演: 莫妮卡·贝鲁奇 Monica ... 2000,,,剧情 战争 情色,意大利 美国,,,,,,,https://img1.doubanio.com/view/photo/s_ratio_poster/public/p2441988159.jpg,74,,https://movie.douban.com/subject/1292402/
26580232,看不见的客人, Contratiempo,2016,8.8,1443476,奥里奥尔·保罗 Oriol Paulo   主演: 马里奥·卡萨斯 Mario Casas,,,剧情 犯罪 悬疑 惊悚,西班牙,,,,,,你以为你以为的就是你以为的。,https://img9.doubanio.com/view/photo/s_ratio_poster/public/p2498971355.jpg,75,,https://movie.douban.com/subject/26580232/
1292849,拯救大兵瑞恩, Saving Private Ryan,1998,9.1,726343,史蒂文·斯皮尔伯格 Steven Spielberg   主演: 汤姆·汉克斯 Tom Hanks... 1998,,,剧情 战争,美国,,,,,,,https://img9.doubanio.com/view/photo/s_ratio_poster/public/p1014542496.jpg,76,,https://movie.douban.com/subject/1292849/
1293544,沉默的羔羊, The Silence of the Lambs,1991,8.9,1018256,乔纳森·戴米 Jonathan Demme   主演: 朱迪·福斯特 Jodie Foster,,,剧情 犯罪 惊悚,美国,,,,,,,https://img3.doubanio.com/view/photo/s_ratio_poster/public/p1593414327.jpg,77,,https://movie.douban.com/subject/1293544/
1303021,小鞋子, بچه های آسمان,1997,9.2,467278,马基德·马基迪 Majid Majidi   主演: 默罕默德·阿米尔·纳吉 Mohamma... 1997,,,剧情 儿童 家庭,伊朗,,,,,,,https://img9.doubanio.com/view/photo/s_ratio_poster/public/p2165511465.jpg,78,,https://movie.douban.com/subject/1303021/
11525673,布达佩斯大饭店, The Grand Budapest Hotel,2014,8.9,1087761,韦斯·安德森 Wes Anderson   主演: 拉尔夫·费因斯 Ralph Fiennes,,,剧情 喜剧 冒险,美国 德国 英国,,,,,,小清新的故事里注入了大历史的情怀。,https://img3.doubanio.com/view/photo/s_ratio_poster/public/p2183539003.jpg,79,,https://movie.douban.com/subject/11525673/
1292343,蝴蝶效应, The Butterfly Effect,2004,8.9,1070412,埃里克·布雷斯 Eric Bress,,,剧情 悬疑 科幻 惊悚,美国 加拿大,,,,,,人的命运被自己瞬间的抉择改变。,https://img1.doubanio.com/view/photo/s_ratio_poster/public/p2209066019.jpg,80,,https://movie.douban.com/subject/1292343/
1292224,飞越疯人院, One Flew Over the Cuckoo's Nest,1975,9.1,605382,米洛斯·福尔曼 Miloš Forman   主演: 杰克·尼科尔森 Jack Nichols... 1975,,,剧情,美国,,,,,,,https://img3.doubanio.com/view/photo/s_ratio_poster/public/p792238287.jpg,81,,https://movie.douban.com/subject/1292224/
36445098,还有明天, C'è ancora domani,2023,9.3,374530,宝拉·柯特莱西 Paola Cortellesi   主演: 宝拉·柯特莱西 Paola Corte... 2023,,,剧情 喜剧 历史,意大利,,,,,,,https://img9.doubanio.com/view/photo/s_ratio_poster/public/p2918279456.jpg,82,,https://movie.douban.com/subject/36445098/
2334904,禁闭岛, Shutter Island,2010,8.9,1116356,Martin Scorsese   主演: 莱昂纳多·迪卡普里奥 Leonardo DiCaprio,,,剧情 悬疑 惊悚,美国,,,,,,昔日翩翩少年，今日大腹便便。,https://img1.doubanio.com/view/photo/s_ratio_poster/public/p450262388.jpg,83,,https://movie.douban.com/subject/2334904/
1292656,心灵捕手, Good Will Hunting,1997,9.0,816990,格斯·范·桑特 Gus Van Sant   主演: 马特·达蒙 Matt Damon,,,剧情,美国,,,,,,,https://img9.doubanio.com/view/photo/s_ratio_poster/public/p480965695.jpg,84,,https://movie.douban.com/subject/1292656/
1780330,致命魔术, The Prestige,2006,8.9,966172,克里斯托弗·诺兰 Christopher Nolan   主演: 休·杰克曼 Hugh Jackman... 2006,,,剧情 悬疑 惊悚,英国 美国,,,,,,孪生蝙蝠侠大战克隆金刚狼。,https://img9.doubanio.com/view/photo/s_ratio_poster/public/p480383375.jpg,85,,https://movie.douban.com/subject/1780330/
1291832,低俗小说, Pulp Fiction,1994,8.9,961984,昆汀·塔伦蒂诺 Quentin Tarantino   主演: 约翰·特拉沃尔塔 John Tra... 1994,,,剧情 喜剧 犯罪,美国,,,,,,,https://img3.doubanio.com/view/photo/s_ratio_poster/public/p1910902213.jpg,86,,https://movie.douban.com/subject/1291832/
1296996,哈利·波特与密室, Harry Potter and the Chamber of Secrets,2002,8.9,919441,Chris Columbus   主演: 丹尼尔·雷德克里夫 Daniel Radcliffe,,,奇幻 冒险,英国 美国,,,,,,,https://img2.doubanio.com/view/photo/s_ratio_poster/public/p2913781951.jpg,87,,https://movie.douban.com/subject/1296996/
5322596,超脱, Detachment,2011,9.0,725344,托尼·凯耶 Tony Kaye   主演: 艾德里安·布洛迪 Adrien Brody,,,剧情,美国,,,,,,穷尽一生，我们要学会的，不过是彼此拥抱。,https://img2.doubanio.com/view/photo/s_ratio_poster/public/p1305562621.jpg,88,,https://movie.douban.com/subject/5322596/
1292434,一一,,2000,9.1,512938,杨德昌 Edward Yang   主演: 吴念真,,,剧情 爱情 家庭,中国台湾 日本,,,,,,,https://img1.doubanio.com/view/photo/s_ratio_poster/public/p2924629258.jpg,89,,https://movie.douban.com/subject/1292434/
1302425,喜剧之王, 喜劇之王,1999,8.8,1098342,周星驰 Stephen Chow,,,喜剧 剧情 爱情,中国香港,,,,,,,https://img9.doubanio.com/view/photo/s_ratio_poster/public/p2917778954.jpg,90,,https://movie.douban.com/subject/1302425/
1300299,杀人回忆, 살인의 추억,2003,8.9,839983,奉俊昊 Joon-ho Bong   主演: 宋康昊 Kang-ho Song,,,剧情 动作 犯罪 悬疑 惊悚,韩国,,,,,,,https://img1.doubanio.com/view/photo/s_ratio_poster/public/p1633113220.jpg,91,,https://movie.douban.com/subject/1300299/
1297192,致命ID, Identity,2003,8.9,952484,詹姆斯·曼高德 James Mangold   主演: 约翰·库萨克 John Cusack,,,剧情 悬疑 惊悚,美国,,,,,,,https://img9.doubanio.com/view/photo/s_ratio_poster/public/p2558364386.jpg,92,,https://movie.douban.com/subject/1297192/
1294371,摩登时代, Modern Times,1936,9.3,348119,查理·卓别林 Charles Chaplin   主演: 查理·卓别林 Charles Chaplin ... 1936,,,剧情 喜剧 爱情,美国,,,,,,,https://img1.doubanio.com/view/photo/s_ratio_poster/public/p2263408369.jpg,93,,https://movie.douban.com/subject/1294371/
1292679,春光乍泄, 春光乍洩,1997,9.0,711196,王家卫 Kar Wai Wong   主演: 张国荣 Leslie Cheung,,,剧情 爱情 同性,中国香港 日本 韩国,,,,,,,https://img2.doubanio.com/view/photo/s_ratio_poster/public/p465939041.jpg,94,,https://movie.douban.com/subject/1292679/
1298070,加勒比海盗, Pirates of the Caribbean: The Curse of the Black Pearl,2003,8.8,971485,戈尔·维宾斯基 Gore Verbinski   主演: 约翰尼·德普 Johnny Depp,,,动作 冒险 奇幻,美国,,,,,,,https://img9.doubanio.com/view/photo/s_ratio_poster/public/p1596085504.jpg,95,,https://movie.douban.com/subject/1298070/
3442220,海豚湾, The Cove,2009,9.3,383030,路易·西霍尤斯 Louie Psihoyos   主演: 路易·西霍尤斯 Louie Psihoyo... 2009,,,纪录片,美国,,,,,,海豚的微笑，是世界上最高明的伪装。,https://img1.doubanio.com/view/photo/s_ratio_poster/public/p2559579779.jpg,96,,https://movie.douban.com/subject/3442220/
1292262,美国往事, Once Upon a Time in America,1984,9.1,473357,赛尔乔·莱翁内 Sergio Leone   主演: 罗伯特·德尼罗 Robert De Niro ... 1984,,,犯罪 剧情,美国 意大利,,,,,,,https://img3.doubanio.com/view/photo/s_ratio_poster/public/p477229647.jpg,97,,https://movie.douban.com/subject/1292262/
1865703,红辣椒, パプリカ,2006,9.0,572563,今敏 Satoshi Kon   主演: 林原惠美 Megumi Hayashibara,,,动画 悬疑 科幻 惊悚,日本,,,,,,梦的勾结。,https://img1.doubanio.com/view/photo/s_ratio_poster/public/p2794776839.jpg,98,,https://movie.douban.com/subject/1865703/
1292223,七宗罪, Se7en,1995,8.8,1065319,大卫·芬奇 David Fincher   主演: 摩根·弗里曼 Morgan Freeman,,,剧情 犯罪 悬疑 惊悚,美国,,,,,,,https://img9.doubanio.com/view/photo/s_ratio_poster/public/p2219586434.jpg,99,,https://movie.douban.com/subject/1292223/
1306249,唐伯虎点秋香, 唐伯虎點秋香,1993,8.8,1228081,李力持 Lik-Chi Lee   主演: 周星驰 Stephen Chow,,,喜剧 爱情 古装,中国香港,,,,,,,https://img9.doubanio.com/view/photo/s_ratio_poster/public/p2357915564.jpg,100,,https://movie.douban.com/subject/1306249/
6985810,狩猎, Jagten,2012,9.1,472618,托马斯·温特伯格 Thomas Vinterberg   主演: 麦斯·米科尔森 Mads Mik... 2012,,,剧情,丹麦 瑞典,,,,,,人言可畏。,https://img3.doubanio.com/view/photo/s_ratio_poster/public/p1546987967.jpg,101,,https://movie.douban.com/subject/6985810/
1297359,幽灵公主, もののけ姫,1997,8.9,672043,宫崎骏 Hayao Miyazaki   主演: 松田洋治 Yôji Matsuda,,,动画 奇幻 冒险,日本,,,,,,,https://img3.doubanio.com/view/photo/s_ratio_poster/public/p2920895053.jpg,102,,https://movie.douban.com/subject/1297359/
1305164,甜蜜蜜,,1996,8.9,676439,陈可辛 Peter Chan   主演: 黎明 Leon Lai,,,剧情 爱情,中国香港,,,,,,,https://img9.doubanio.com/view/photo/s_ratio_poster/public/p2223011274.jpg,103,,https://movie.douban.com/subject/1305164/
27010768,寄生虫, 기생충,2019,8.8,1552705,奉俊昊 Joon-ho Bong   主演: 宋康昊 Kang-ho Song,,,剧情,韩国,,,,,,,https://img1.doubanio.com/view/photo/s_ratio_poster/public/p2561439800.jpg,104,,https://movie.douban.com/subject/27010768/
1428581,天书奇谭,,1983(中国大陆),9.2,337053,王树忱 Shuchen Wang,,,中国大陆,2021,,,,,,,https://img9.doubanio.com/view/photo/s_ratio_poster/public/p2700138245.jpg,105,,https://movie.douban.com/subject/1428581/
3395373,蝙蝠侠：黑暗骑士崛起, The Dark Knight Rises,2012,8.9,816806,克里斯托弗·诺兰 Christopher Nolan   主演: 克里斯蒂安·贝尔 Christ... 2012,,,剧情 动作 科幻 犯罪 惊悚,美国 英国,,,,,,诺兰就是保证。,https://img9.doubanio.com/view/photo/s_ratio_poster/public/p1706428744.jpg,106,,https://movie.douban.com/subject/3395373/
11026735,超能陆战队, Big Hero 6,2014,8.8,1149249,唐·霍尔 Don Hall,,,喜剧 动作 科幻 动画 冒险,美国,,,,,,Balalala~~~,https://img1.doubanio.com/view/photo/s_ratio_poster/public/p2224568669.jpg,107,,https://movie.douban.com/subject/11026735/
10777687,7号房的礼物, 7번방의 선물,2013,8.9,624015,李焕庆 Hwan-kyeong Lee   主演: 柳承龙 Seung-yong Ryoo,,,剧情 喜剧 家庭,韩国,,,,,,《我是山姆》的《美丽人生》。,https://img9.doubanio.com/view/photo/s_ratio_poster/public/p1816276065.jpg,108,,https://movie.douban.com/subject/10777687/
1461403,茶馆,,1982(中国大陆),9.5,210854,谢添 Tian Xie   主演: 于是之 Shizhi Yu,,,剧情 历史,中国大陆,,,,,,,https://img9.doubanio.com/view/photo/s_ratio_poster/public/p2528965424.jpg,109,,https://movie.douban.com/subject/1461403/
1297630,第六感, The Sixth Sense,1999,8.9,641213,M·奈特·沙马兰 M. Night Shyamalan   主演: 布鲁斯·威利斯 Bruce Wi... 1999,,,剧情 悬疑 惊悚,美国,,,,,,,https://img9.doubanio.com/view/photo/s_ratio_poster/public/p2220184425.jpg,110,,https://movie.douban.com/subject/1297630/
1296339,爱在黎明破晓前, Before Sunrise,1995,8.8,805195,理查德·林克莱特 Richard Linklater   主演: 伊桑·霍克 Ethan Hawke ... 1995,,,剧情 爱情,美国 奥地利 瑞士,,,,,,,https://img9.doubanio.com/view/photo/s_ratio_poster/public/p2555762374.jpg,111,,https://movie.douban.com/subject/1296339/
1291990,爱在日落黄昏时, Before Sunset,2004,8.9,657221,理查德·林克莱特 Richard Linklater   主演: 伊桑·霍克 Ethan Hawke ... 2004,,,剧情 爱情,美国 法国,,,,,,九年后的重逢是世俗和责任的交叠，没了悸动和青涩，沧桑而温暖。,https://img9.doubanio.com/view/photo/s_ratio_poster/public/p2191788134.jpg,112,,https://movie.douban.com/subject/1291990/
1787291,被嫌弃的松子的一生, 嫌われ松子の一生,2006,8.8,777257,中岛哲也 Tetsuya Nakashima   主演: 中谷美纪 Miki Nakatani,,,剧情 歌舞,日本,,,,,,以戏谑来戏谑戏谑。,https://img9.doubanio.com/view/photo/s_ratio_poster/public/p884763596.jpg,113,,https://movie.douban.com/subject/1787291/
10533913,头脑特工队, Inside Out,2015,8.8,810626,彼特·道格特 Pete Docter,,,喜剧 动画 冒险,美国,,,,,,愿我们都不用长大，每一座城堡都能永远存在。,https://img1.doubanio.com/view/photo/s_ratio_poster/public/p2874927470.jpg,114,,https://movie.douban.com/subject/10533913/
1309055,哈利·波特与火焰杯, Harry Potter and the Goblet of Fire,2005,8.8,805516,迈克·内威尔 Mike Newell   主演: 丹尼尔·雷德克里夫 Daniel Radclif... 2005,,,悬疑 奇幻 冒险,英国 美国,,,,,,,https://img9.doubanio.com/view/photo/s_ratio_poster/public/p2913456904.jpg,115,,https://movie.douban.com/subject/1309055/
1395091,未麻的部屋, Perfect Blue,1997,9.1,427803,今敏 Satoshi Kon   主演: 岩男润子 Junko Iwao,,,剧情 犯罪 动画 悬疑 惊悚,日本,,,,,,,https://img3.doubanio.com/view/photo/s_ratio_poster/public/p1351050722.jpg,116,,https://movie.douban.com/subject/1395091/
1291999,重庆森林, 重慶森林,1994,8.8,926230,王家卫 Kar Wai Wong   主演: 林青霞 Brigitte Lin,,,剧情 爱情,中国香港,,,,,,,https://img2.doubanio.com/view/photo/s_ratio_poster/public/p792381411.jpg,117,,https://movie.douban.com/subject/1291999/
4202302,借东西的小人阿莉埃蒂, 借りぐらしのアリエッティ,2010,8.9,630231,米林宏昌 Hiromasa Yonebayashi   主演: 志田未来 Mirai Shida,,,动画 奇幻 冒险,日本,,,,,,曾经的那段美好会沉淀为一辈子的记忆。,https://img9.doubanio.com/view/photo/s_ratio_poster/public/p617533616.jpg,118,,https://movie.douban.com/subject/4202302/
1293359,菊次郎的夏天, 菊次郎の夏,1999,8.9,676014,北野武 Takeshi Kitano   主演: 北野武 Takeshi Kitano,,,剧情 喜剧,日本,,,,,,,https://img9.doubanio.com/view/photo/s_ratio_poster/public/p2620392435.jpg,119,,https://movie.douban.com/subject/1293359/
2149806,入殓师, おくりびと,2008,8.9,745011,泷田洋二郎 Yôjirô Takita   主演: 本木雅弘 Masahiro Motoki,,,剧情,日本,,,,,,死可能是一道门，逝去并不是终结，而是超越，走向下一程。,https://img9.doubanio.com/view/photo/s_ratio_poster/public/p2707581855.jpg,120,,https://movie.douban.com/subject/2149806/
1418834,断背山, Brokeback Mountain,2005,8.8,785566,李安 Ang Lee   主演: 希斯·莱杰 Heath Ledger,,,剧情 爱情 同性 家庭,美国 加拿大,,,,,,每个人心中都有一座断背山。,https://img3.doubanio.com/view/photo/s_ratio_poster/public/p2169104127.jpg,121,,https://movie.douban.com/subject/1418834/
1292370,剪刀手爱德华, Edward Scissorhands,1990,8.7,1123682,蒂姆·波顿 Tim Burton   主演: 约翰尼·德普 Johnny Depp,,,剧情 爱情 奇幻,美国,,,,,,,https://img3.doubanio.com/view/photo/s_ratio_poster/public/p480956937.jpg,122,,https://movie.douban.com/subject/1292370/
1294639,勇敢的心, Braveheart,1995,8.9,607254,梅尔·吉布森 Mel Gibson   主演: 梅尔·吉布森 Mel Gibson,,,动作 传记 剧情 历史 战争,美国,,,,,,,https://img1.doubanio.com/view/photo/s_ratio_poster/public/p2004174709.jpg,123,,https://movie.douban.com/subject/1294639/
10577869,时空恋旅人, About Time,2013,8.8,797319,理查德·柯蒂斯 Richard Curtis   主演: 多姆纳尔·格里森 Domhnall Gl... 2013,,,喜剧 爱情 奇幻,英国 美国,,,,,,把每天当作最后一天般珍惜度过，积极拥抱生活，就是幸福。,https://img9.doubanio.com/view/photo/s_ratio_poster/public/p2070153774.jpg,124,,https://movie.douban.com/subject/10577869/
2353023,驯龙高手, How to Train Your Dragon,2010,8.8,869572,迪恩·德布洛斯 Dean DeBlois,,,动画 奇幻 冒险,美国,,,,,,和谐的生活离不开摸头与被摸头。,https://img9.doubanio.com/view/photo/s_ratio_poster/public/p2210954024.jpg,125,,https://movie.douban.com/subject/2353023/
1418200,傲慢与偏见, Pride & Prejudice,2005,8.7,942611,乔·怀特 Joe Wright   主演: 凯拉·奈特莉 Keira Knightley,,,剧情 爱情,法国 英国 美国,,,,,,爱是摈弃傲慢与偏见之后的曙光。,https://img1.doubanio.com/view/photo/s_ratio_poster/public/p2016401659.jpg,126,,https://movie.douban.com/subject/1418200/
21318488,消失的爱人, Gone Girl,2014,8.7,1077576,大卫·芬奇 David Fincher   主演: 本·阿弗莱克 Ben Affleck,,,剧情 犯罪 悬疑 惊悚,美国,,,,,,年度最佳date movie。,https://img9.doubanio.com/view/photo/s_ratio_poster/public/p2221768894.jpg,127,,https://movie.douban.com/subject/21318488/
1292337,无人知晓, 誰も知らない,2004,9.1,374411,是枝裕和 Hirokazu Koreeda   主演: 柳乐优弥 Yûya Yagira,,,剧情,日本,,,,,,我的平常生活就是他人的幸福。,https://img3.doubanio.com/view/photo/s_ratio_poster/public/p661160053.jpg,128,,https://movie.douban.com/subject/1292337/
1297447,倩女幽魂,,1987,8.8,838647,程小东 Siu-Tung Ching   主演: 张国荣 Leslie Cheung,,,爱情 奇幻 武侠 古装,中国香港,,,,,,,https://img9.doubanio.com/view/photo/s_ratio_poster/public/p2918554634.jpg,129,,https://movie.douban.com/subject/1297447/
10437779,新世界, 신세계,2013,8.9,530918,朴勋政 Hoon-jung Park   主演: 李政宰 Jung-Jae Lee,,,剧情 犯罪,韩国,,,,,,要做就做得狠一点，这样才能活下去。,https://img1.doubanio.com/view/photo/s_ratio_poster/public/p1903379979.jpg,130,,https://movie.douban.com/subject/10437779/
1291557,花样年华, 花樣年華,2000,8.8,809726,王家卫 Kar Wai Wong   主演: 张曼玉 Maggie Cheung,,,剧情 爱情,中国香港,,,,,,,https://img3.doubanio.com/view/photo/s_ratio_poster/public/p2918312477.jpg,131,,https://movie.douban.com/subject/1291557/
1858711,玩具总动员3, Toy Story 3,2010,8.9,595673,李·昂克里奇 Lee Unkrich   主演: 汤姆·汉克斯 Tom Hanks,,,喜剧 动画 奇幻 冒险,美国,,,,,,跨度十五年的欢乐与泪水。,https://img1.doubanio.com/view/photo/s_ratio_poster/public/p1283675359.jpg,132,,https://movie.douban.com/subject/1858711/
26628357,一个叫欧维的男人决定去死, En man som heter Ove,2015,8.9,572426,汉内斯·赫尔姆 Hannes Holm   主演: 罗夫·拉斯加德 Rolf Lassgård... 2015,,,剧情,瑞典,,,,,,惠及一生的美丽。,https://img3.doubanio.com/view/photo/s_ratio_poster/public/p2406624993.jpg,133,,https://movie.douban.com/subject/26628357/
1828115,色，戒,,2007,8.7,966512,李安 Ang Lee   主演: 梁朝伟 Tony Leung Chiu Wai,,,剧情 爱情 情色,中国台湾 中国大陆 美国 中国香港,,,,,,假戏真情，爱欲深海,https://img9.doubanio.com/view/photo/s_ratio_poster/public/p453716305.jpg,134,,https://movie.douban.com/subject/1828115/
1300992,完美的世界, A Perfect World,1993,9.1,361667,克林特·伊斯特伍德 Clint Eastwood   主演: 凯文·科斯特纳 Kevin Cos... 1993,,,剧情 犯罪,美国,,,,,,,https://img1.doubanio.com/view/photo/s_ratio_poster/public/p2190556408.jpg,135,,https://movie.douban.com/subject/1300992/
1291579,怪兽电力公司," Monsters, Inc.",2001,8.8,773819,彼特·道格特 Pete Docter,,,儿童 喜剧 动画 奇幻 冒险,美国,,,,,,,https://img1.doubanio.com/view/photo/s_ratio_poster/public/p2513247938.jpg,136,,https://movie.douban.com/subject/1291579/
1291875,阳光灿烂的日子,,1994,8.8,698431,姜文 Wen Jiang   主演: 夏雨 Yu Xia,,,剧情 爱情,中国大陆 中国香港,,,,,,,https://img3.doubanio.com/view/photo/s_ratio_poster/public/p2582946597.jpg,137,,https://movie.douban.com/subject/1291875/
1294240,教父3, The Godfather: Part III,1990,9.0,434799,弗朗西斯·福特·科波拉 Francis Ford Coppola   主演: 阿尔·帕西诺 A... 1990,,,剧情 犯罪,美国,,,,,,,https://img2.doubanio.com/view/photo/s_ratio_poster/public/p2169664351.jpg,138,,https://movie.douban.com/subject/1294240/
25814705,小森林 夏秋篇, リトル・フォレスト 夏・秋,2014,9.0,475511,森淳一 Junichi Mori   主演: 桥本爱 Ai Hashimoto,,,剧情,日本,,,,,,那些静得只能听见呼吸的日子里，你明白孤独即生活。,https://img1.doubanio.com/view/photo/s_ratio_poster/public/p2232317770.jpg,139,,https://movie.douban.com/subject/25814705/
1292215,天使爱美丽, Le Fabuleux destin d'Amélie Poulain,2001,8.7,1023581,让-皮埃尔·热内 Jean-Pierre Jeunet   主演: 奥黛丽·塔图 Audrey Tau... 2001,,,剧情 喜剧 爱情,法国 德国,,,,,,,https://img3.doubanio.com/view/photo/s_ratio_poster/public/p2447590313.jpg,140,,https://movie.douban.com/subject/1292215/
1297052,侧耳倾听, 耳をすませば,1995,8.9,522745,近藤喜文 Yoshifumi Kondo   主演: 本名阳子 Youko Honna,,,剧情 爱情 动画,日本,,,,,,,https://img3.doubanio.com/view/photo/s_ratio_poster/public/p456692072.jpg,141,,https://movie.douban.com/subject/1297052/
1307315,哪吒闹海,,1979,9.2,309935,王树忱 Shuchen Wang,,,冒险 动画 奇幻,中国大陆,,,,,,,https://img9.doubanio.com/view/photo/s_ratio_poster/public/p2532803206.jpg,142,,https://movie.douban.com/subject/1307315/
1297518,九品芝麻官,,1994,8.8,798382,王晶 Jing Wong   主演: 周星驰 Stephen Chow,,,剧情 喜剧 古装,中国香港,,,,,,,https://img1.doubanio.com/view/photo/s_ratio_poster/public/p648370300.jpg,143,,https://movie.douban.com/subject/1297518/
6307447,被解救的姜戈, Django Unchained,2012,8.8,696075,昆汀·塔伦蒂诺 Quentin Tarantino   主演: 杰米·福克斯 Jamie Foxx,,,剧情 动作 西部 冒险,美国,,,,,,热血沸腾，那个低俗、性感的无耻混蛋又来了。,https://img3.doubanio.com/view/photo/s_ratio_poster/public/p1800813767.jpg,144,,https://movie.douban.com/subject/6307447/
26799731,请以你的名字呼唤我, Call Me by Your Name,2017,8.8,828602,卢卡·瓜达尼诺 Luca Guadagnino   主演: 艾米·汉莫 Armie Hammer,,,剧情 爱情 同性,意大利 法国 巴西 美国,,,,,,沉醉在电影的情感和视听氛围中无法自拔。,https://img1.doubanio.com/view/photo/s_ratio_poster/public/p2505525050.jpg,145,,https://movie.douban.com/subject/26799731/
1292274,幸福终点站, The Terminal,2004,8.8,645207,史蒂文·斯皮尔伯格 Steven Spielberg   主演: 汤姆·汉克斯 Tom Hanks... 2004,,,喜剧 剧情 爱情,美国,,,,,,有时候幸福需要等一等。,https://img3.doubanio.com/view/photo/s_ratio_poster/public/p2181698213.jpg,146,,https://movie.douban.com/subject/1292274/
25986180,釜山行, 부산행,2016,8.6,1355904,延尚昊 Sang-ho Yeon   主演: 孔刘 Yoo Gong,,,动作 惊悚 灾难,韩国,,,,,,揭露人性的丧尸题材力作。,https://img1.doubanio.com/view/photo/s_ratio_poster/public/p2360940399.jpg,147,,https://movie.douban.com/subject/25986180/
3287562,神偷奶爸, Despicable Me,2010,8.7,1050913,皮艾尔·柯芬 Pierre Coffin,,,喜剧 动画 冒险,美国 法国,,,,,,Mr. I Don't Care其实也有Care的时候。,https://img1.doubanio.com/view/photo/s_ratio_poster/public/p792776858.jpg,148,,https://movie.douban.com/subject/3287562/
25814707,小森林 冬春篇, リトル・フォレスト 冬・春,2015,9.0,422465,森淳一 Junichi Mori   主演: 桥本爱 Ai Hashimoto,,,剧情,日本,,,,,,尊敬他人，尊敬你生活的这片土地，明白孤独是人生的常态。,https://img1.doubanio.com/view/photo/s_ratio_poster/public/p2258078370.jpg,149,,https://movie.douban.com/subject/25814707/
1303037,喜宴, 囍宴,1993,9.0,434513,李安 Ang Lee   主演: 赵文瑄 Winston Chao,,,剧情 喜剧 爱情 同性 家庭,中国台湾 美国,,,,,,,https://img3.doubanio.com/view/photo/s_ratio_poster/public/p2249048907.jpg,150,,https://movie.douban.com/subject/1303037/
5989818,萤火之森, 蛍火の杜へ,2011,8.8,614348,大森贵弘 Takahiro Omori   主演: 佐仓绫音 Ayane Sakura,,,剧情 爱情 动画 奇幻,日本,,,,,,触不到的恋人。,https://img3.doubanio.com/view/photo/s_ratio_poster/public/p1675053073.jpg,151,,https://movie.douban.com/subject/5989818/
4268598,告白,,2010,8.8,746856,中岛哲也 Tetsuya Nakashima   主演: 松隆子 Takako Matsu,,,剧情 悬疑,日本,,,,,,没有一人完全善，也没有一人完全恶。,https://img9.doubanio.com/view/photo/s_ratio_poster/public/p689520756.jpg,152,,https://movie.douban.com/subject/4268598/
1295399,七武士, 七人の侍,1954,9.3,237286,黑泽明 Akira Kurosawa   主演: 三船敏郎 Toshirô Mifune,,,动作 冒险 剧情,日本,,,,,,,https://img9.doubanio.com/view/photo/s_ratio_poster/public/p2215886505.jpg,153,,https://movie.douban.com/subject/1295399/
3072124,玛丽和麦克斯, Mary and Max,2009,9.0,472818,亚当·艾略特 Adam Elliot   主演: 托妮·科莱特 Toni Collette,,,剧情 喜剧 动画,澳大利亚 美国,,,,,,你是我最好的朋友，你是我唯一的朋友 。,https://img9.doubanio.com/view/photo/s_ratio_poster/public/p2923412445.jpg,154,,https://movie.douban.com/subject/3072124/
4920389,头号玩家, Ready Player One,2018,8.6,1523044,史蒂文·斯皮尔伯格 Steven Spielberg   主演: 泰伊·谢里丹 Tye Sheri... 2018,,,动作 科幻 冒险,美国,,,,,,写给影迷，动漫迷和游戏迷的一封情书。,https://img3.doubanio.com/view/photo/s_ratio_poster/public/p2516578307.jpg,155,,https://movie.douban.com/subject/4920389/
10463953,模仿游戏, The Imitation Game,2014,8.8,723009,莫滕·泰杜姆 Morten Tyldum   主演: 本尼迪克特·康伯巴奇 Benedict C... 2014,,,剧情 传记 战争 同性,英国 美国,,,,,,他给机器起名“克里斯托弗”，因为这是他初恋的名字。,https://img1.doubanio.com/view/photo/s_ratio_poster/public/p2922986728.jpg,156,,https://movie.douban.com/subject/10463953/
1293181,惊魂记, Psycho,1960,9.0,358837,阿尔弗雷德·希区柯克 Alfred Hitchcock   主演: 安东尼·博金斯 Antho... 1960,,,悬疑 惊悚 恐怖,美国,,,,,,,https://img9.doubanio.com/view/photo/s_ratio_poster/public/p1021883305.jpg,157,,https://movie.douban.com/subject/1293181/
35426925,机器人之梦, Robot Dreams,2023,9.1,445039,巴勃罗·贝格尔 Pablo Berger   主演: 伊万·拉班达 Ivan Labanda 2023,,,剧情 动画 音乐,西班牙 法国,,,,,,,https://img1.doubanio.com/view/photo/s_ratio_poster/public/p2928203369.jpg,158,,https://movie.douban.com/subject/35426925/
1291545,大鱼, Big Fish,2003,8.8,629440,蒂姆·波顿 Tim Burton   主演: 伊万·麦克格雷格 Ewan McGregor,,,剧情 爱情 奇幻 冒险,美国,,,,,,,https://img9.doubanio.com/view/photo/s_ratio_poster/public/p692813374.jpg,159,,https://movie.douban.com/subject/1291545/
24733428,心灵奇旅, Soul,2020,8.7,1149165,彼特·道格特 Pete Docter,,,动画 奇幻 音乐,美国,,,,,,,https://img1.doubanio.com/view/photo/s_ratio_poster/public/p2595591069.jpg,160,,https://movie.douban.com/subject/24733428/
1307856,背靠背，脸对脸,,1994,9.5,181645,黄建新 Jianxin Huang,,,剧情,中国大陆 中国香港,,,,,,,https://img3.doubanio.com/view/photo/s_ratio_poster/public/p2505048077.jpg,161,,https://movie.douban.com/subject/1307856/
26325320,血战钢锯岭, Hacksaw Ridge,2016,8.7,862910,梅尔·吉布森 Mel Gibson   主演: 安德鲁·加菲尔德 Andrew Garfield,,,剧情 传记 历史 战争,澳大利亚 美国,,,,,,优秀的战争片不会美化战场，不会粉饰死亡，不会矮化敌人，不会无视常识，最重要的，不会宣扬战争。,https://img1.doubanio.com/view/photo/s_ratio_poster/public/p2398141939.jpg,162,,https://movie.douban.com/subject/26325320/
1316510,射雕英雄传之东成西就, 射鵰英雄傳之東成西就,1993,8.7,720742,刘镇伟 Jeffrey Lau   主演: 梁朝伟 Tony Leung Chiu Wai,,,喜剧 奇幻 武侠 古装,中国香港,,,,,,,https://img3.doubanio.com/view/photo/s_ratio_poster/public/p2609063922.jpg,163,,https://movie.douban.com/subject/1316510/
26683290,你的名字。, 君の名は。,2016,8.5,1600237,新海诚 Makoto Shinkai   主演: 神木隆之介 Ryûnosuke Kamiki,,,剧情 爱情 动画,日本,,,,,,穿越错位的时空，仰望陨落的星辰，你没留下你的名字，我却无法忘记那句“我爱你”。,https://img2.doubanio.com/view/photo/s_ratio_poster/public/p2910701461.jpg,164,,https://movie.douban.com/subject/26683290/
1306861,我是山姆, I Am Sam,2001,9.0,378533,杰茜·尼尔森 Jessie Nelson   主演: Sean Penn,,,剧情 家庭,美国,,,,,,,https://img9.doubanio.com/view/photo/s_ratio_poster/public/p652417775.jpg,165,,https://movie.douban.com/subject/1306861/
4917726,阳光姐妹淘, 써니,2011,8.8,641008,姜炯哲 Hyeong-Cheol Kang   主演: 沈恩京 Eun-kyung Shim,,,剧情 喜剧,韩国,,,,,,再多各自牛逼的时光，也比不上一起傻逼的岁月。,https://img3.doubanio.com/view/photo/s_ratio_poster/public/p1374786017.jpg,166,,https://movie.douban.com/subject/4917726/
1291992,末路狂花, Thelma & Louise,1991,9.0,352866,雷德利·斯科特 Ridley Scott   主演: 吉娜·戴维斯 Geena Davis,,,犯罪 剧情 惊悚,美国 英国 法国,,,,,,,https://img9.doubanio.com/view/photo/s_ratio_poster/public/p1910924635.jpg,167,,https://movie.douban.com/subject/1291992/
21360417,恐怖直播, 더 테러 라이브,2013,8.7,731504,金秉祐 Byeong-woo Kim   主演: 河正宇 Jung-woo Ha,,,剧情 犯罪 悬疑,韩国,,,,,,恐怖分子的“秋菊打官司”。,https://img9.doubanio.com/view/photo/s_ratio_poster/public/p2016930906.jpg,168,,https://movie.douban.com/subject/21360417/
1302467,黑客帝国3：矩阵革命, The Matrix Revolutions,2003,8.8,499676,拉娜·沃卓斯基 Lana Wachowski,,,动作 科幻,美国,,,,,,,https://img1.doubanio.com/view/photo/s_ratio_poster/public/p443461818.jpg,169,,https://movie.douban.com/subject/1302467/
1422283,高山下的花环,,1984(中国大陆),9.5,161509,谢晋 Jin Xie   主演: 吕晓禾 Xiaohe Lü,,,中国大陆,1985,,,,,,,https://img1.doubanio.com/view/photo/s_ratio_poster/public/p2319879389.jpg,170,,https://movie.douban.com/subject/1422283/
27119724,小丑, Joker,2019,8.7,1129353,托德·菲利普斯 Todd Phillips   主演: 杰昆·菲尼克斯 Joaquin Phoeni... 2019,,,剧情 犯罪 惊悚,美国 加拿大,,,,,,,https://img9.doubanio.com/view/photo/s_ratio_poster/public/p2567198874.jpg,171,,https://movie.douban.com/subject/27119724/
1578507,谍影重重3, The Bourne Ultimatum,2007,8.9,473507,保罗·格林格拉斯 Paul Greengrass   主演: 马特·达蒙 Matt Damon,,,动作 悬疑 惊悚,美国 德国 法国 英国,,,,,,像吃了苏打饼一样干脆的电影。,https://img3.doubanio.com/view/photo/s_ratio_poster/public/p792223507.jpg,172,,https://movie.douban.com/subject/1578507/
26611804,三块广告牌," Three Billboards Outside Ebbing, Missouri",2017,8.7,924164,马丁·麦克唐纳 Martin McDonagh   主演: 弗兰西斯·麦克多蒙德 France... 2017,,,剧情 犯罪,英国 美国,,,,,,怼天怼地，你走后，她与世界为敌。,https://img9.doubanio.com/view/photo/s_ratio_poster/public/p2502943384.jpg,173,,https://movie.douban.com/subject/26611804/
1417598,电锯惊魂, Saw,2004,8.7,616529,詹姆斯·温 James Wan   主演: 雷·沃纳尔 Leigh Whannell,,,悬疑 惊悚 恐怖,美国,,,,,,真相就在眼前。,https://img9.doubanio.com/view/photo/s_ratio_poster/public/p726839485.jpg,174,,https://movie.douban.com/subject/1417598/
1307106,无间道2, 無間道II,2003,8.8,571147,刘伟强 Andrew Lau,,,剧情 犯罪 惊悚,中国香港,,,,,,,https://img1.doubanio.com/view/photo/s_ratio_poster/public/p958008320.jpg,175,,https://movie.douban.com/subject/1307106/
1793929,达拉斯买家俱乐部, Dallas Buyers Club,2013,8.8,508765,让-马克·瓦雷 Jean-Marc Vallée   主演: 马修·麦康纳 Matthew McCon... 2013,,,剧情 传记 同性,美国,,,,,,Jared Leto的腿比女人还美！,https://img3.doubanio.com/view/photo/s_ratio_poster/public/p2166160837.jpg,176,,https://movie.douban.com/subject/1793929/
1907966,疯狂原始人, The Croods,2013,8.7,925151,科克·德·米科 Kirk De Micco,,,喜剧 动画 冒险,美国,,,,,,老少皆宜，这就是好莱坞动画的魅力。,https://img3.doubanio.com/view/photo/s_ratio_poster/public/p1867084027.jpg,177,,https://movie.douban.com/subject/1907966/
1300374,绿里奇迹, The Green Mile,1999,8.9,390699,弗兰克·德拉邦特 Frank Darabont   主演: 汤姆·汉克斯 Tom Hanks,,,犯罪 剧情 奇幻 悬疑,美国,,,,,,,https://img2.doubanio.com/view/photo/s_ratio_poster/public/p767586451.jpg,178,,https://movie.douban.com/subject/1300374/
10808442,爱在午夜降临前, Before Midnight,2013,8.9,477364,理查德·林克莱特 Richard Linklater   主演: 伊桑·霍克 Ethan Hawke ... 2013,,,剧情 爱情,美国 希腊,,,,,,所谓爱情，就是话唠一路，都不会心生腻烦，彼此嫌弃。,https://img1.doubanio.com/view/photo/s_ratio_poster/public/p2074715729.jpg,179,,https://movie.douban.com/subject/10808442/
1862151,疯狂的石头,,2006,8.6,930483,宁浩 Hao Ning   主演: 郭涛 Tao Guo,,,喜剧 犯罪,中国大陆 中国香港,,,,,,中国版《两杆大烟枪》。,https://img3.doubanio.com/view/photo/s_ratio_poster/public/p712241453.jpg,180,,https://movie.douban.com/subject/1862151/
1293460,雨中曲, Singin' in the Rain,1952,9.1,270769,斯坦利·多南 Stanley Donen,,,喜剧 歌舞 爱情,美国,,,,,,,https://img9.doubanio.com/view/photo/s_ratio_poster/public/p1612355875.jpg,181,,https://movie.douban.com/subject/1293460/
1292226,2001太空漫游, 2001: A Space Odyssey,1968,8.9,399726,斯坦利·库布里克 Stanley Kubrick   主演: 凯尔·杜拉 Keir Dullea,,,科幻 惊悚 冒险,英国 美国,,,,,,,https://img1.doubanio.com/view/photo/s_ratio_poster/public/p2926647970.jpg,182,,https://movie.douban.com/subject/1292226/
25895901,海街日记, 海街diary,2015,8.8,524654,是枝裕和 Hirokazu Koreeda   主演: 绫濑遥 Haruka Ayase,,,剧情 家庭,日本,,,,,,是枝裕和的家庭习作。,https://img3.doubanio.com/view/photo/s_ratio_poster/public/p2242546753.jpg,183,,https://movie.douban.com/subject/25895901/
1291585,风之谷, 風の谷のナウシカ,1984,8.9,395309,宫崎骏 Hayao Miyazaki   主演: 岛本须美 Sumi Shimamoto,,,动画 奇幻 冒险,日本,,,,,,,https://img3.doubanio.com/view/photo/s_ratio_poster/public/p1917567652.jpg,184,,https://movie.douban.com/subject/1291585/
1292208,上帝之城, Cidade de Deus,2002,9.0,334961,费尔南多·梅里尔斯 Fernando Meirelles,,,犯罪 剧情,巴西 法国,,,,,,,https://img1.doubanio.com/view/photo/s_ratio_poster/public/p455677490.jpg,185,,https://movie.douban.com/subject/1292208/
25917973,心迷宫,,2014,8.7,621731,忻钰坤 Yukun Xin   主演: 霍卫民 Weimin Huo,,,剧情 犯罪 悬疑,中国大陆,,,,,,荒诞讽刺，千奇百巧，抽丝剥茧，百转千回。,https://img1.doubanio.com/view/photo/s_ratio_poster/public/p2926020289.jpg,186,,https://movie.douban.com/subject/25917973/
1297574,英雄本色,,1986,8.6,609408,吴宇森 John Woo   主演: 周润发 Yun-Fat Chow,,,剧情 动作 犯罪,中国香港,,,,,,,https://img3.doubanio.com/view/photo/s_ratio_poster/public/p2504997087.jpg,187,,https://movie.douban.com/subject/1297574/
1304447,记忆碎片, Memento,2000,8.7,673504,克里斯托弗·诺兰 Christopher Nolan   主演: 盖·皮尔斯 Guy Pearce,,,犯罪 剧情 悬疑 惊悚,美国,,,,,,,https://img3.doubanio.com/view/photo/s_ratio_poster/public/p2931989223.jpg,188,,https://movie.douban.com/subject/1304447/
1295409,纵横四海, 縱橫四海,1991,8.8,485759,吴宇森 John Woo   主演: 周润发 Yun-Fat Chow,,,剧情 喜剧 动作 犯罪,中国香港,,,,,,,https://img1.doubanio.com/view/photo/s_ratio_poster/public/p2931740648.jpg,189,,https://movie.douban.com/subject/1295409/
6534248,无敌破坏王, Wreck-It Ralph,2012,8.7,615125,瑞奇·莫尔 Rich Moore   主演: 约翰·C·赖利 John C. Reilly,,,喜剧 动画 奇幻 冒险,美国,,,,,,迪士尼和皮克斯拿错剧本的产物。,https://img9.doubanio.com/view/photo/s_ratio_poster/public/p1735642656.jpg,190,,https://movie.douban.com/subject/6534248/
1291822,卢旺达饭店, Hotel Rwanda,2004,8.9,368989,特瑞·乔治 Terry George   主演: 唐·钱德尔 Don Cheadle,,,剧情 传记 历史 战争,英国 南非 意大利 美国,,,,,,当这个世界闭上双眼，他却敞开了怀抱。,https://img3.doubanio.com/view/photo/s_ratio_poster/public/p470419493.jpg,191,,https://movie.douban.com/subject/1291822/
1292329,牯岭街少年杀人事件, 牯嶺街少年殺人事件,1991,8.9,372657,杨德昌 Edward Yang   主演: 张震 Chen Chang,,,剧情 犯罪,中国台湾,,,,,,,https://img9.doubanio.com/view/photo/s_ratio_poster/public/p848381236.jpg,192,,https://movie.douban.com/subject/1292329/
3011051,恐怖游轮, Triangle,2009,8.5,996743,克里斯托弗·史密斯 Christopher Smith   主演: 梅利莎·乔治 Melissa ... 2009,,,科幻 悬疑 奇幻 惊悚,英国 澳大利亚,,,,,,不要企图在重复中寻找已经失去的爱。,https://img9.doubanio.com/view/photo/s_ratio_poster/public/p462470694.jpg,193,,https://movie.douban.com/subject/3011051/
1310177,东京教父, 東京ゴッドファーザーズ,2003,9.0,293669,今敏 Satoshi Kon   主演: 江守彻 Toru Emori,,,剧情 喜剧 动画,日本,,,,,,,https://img1.doubanio.com/view/photo/s_ratio_poster/public/p456703618.jpg,194,,https://movie.douban.com/subject/1310177/
27622447,小偷家族, 万引き家族,2018,8.7,898822,是枝裕和 Hirokazu Koreeda   主演: 中川雅也 Lily Franky,,,剧情 犯罪 家庭,日本,,,,,,我们组成了家。,https://img9.doubanio.com/view/photo/s_ratio_poster/public/p2530599636.jpg,195,,https://movie.douban.com/subject/27622447/
1307811,魔女宅急便, 魔女の宅急便,1989,8.7,527742,宫崎骏 Hayao Miyazaki   主演: 高山南 Minami Takayama,,,动画 奇幻 冒险,日本,,,,,,,https://img3.doubanio.com/view/photo/s_ratio_poster/public/p456676352.jpg,196,,https://movie.douban.com/subject/1307811/
1291578,冰川时代, Ice Age,2002,8.7,688959,卡洛斯·沙尔丹哈 Carlos Saldanha,,,喜剧 动画 冒险,美国,,,,,,,https://img1.doubanio.com/view/photo/s_ratio_poster/public/p1910895719.jpg,197,,https://movie.douban.com/subject/1291578/
1297880,芙蓉镇,,1987,9.3,191900,谢晋 Jin Xie   主演: 刘晓庆 Xiaoqing Liu,,,剧情 爱情,中国大陆,,,,,,,https://img1.doubanio.com/view/photo/s_ratio_poster/public/p2575337180.jpg,198,,https://movie.douban.com/subject/1297880/
1959195,忠犬八公物语, ハチ公物語,1987,9.2,219889,神山征二郎 Seijirô Kôyama   主演: 仲代达矢 Tatsuya Nakadai,,,剧情,日本,,,,,,,https://img9.doubanio.com/view/photo/s_ratio_poster/public/p2603716224.jpg,199,,https://movie.douban.com/subject/1959195/
3792799,岁月神偷, 歲月神偷,2010,8.7,614473,罗启锐 Alex Law   主演: 吴君如 Sandra Ng,,,剧情 家庭,中国香港 中国大陆,,,,,,岁月流逝，来日可追。,https://img2.doubanio.com/view/photo/s_ratio_poster/public/p456666151.jpg,200,,https://movie.douban.com/subject/3792799/
